"Product ID","Product Name"
"FUR-BO-10000362","Sauder Inglewood Library Bookcases"
"FUR-BO-10001337","O'Sullivan Living Dimensions 2-Shelf Bookcases"
"FUR-BO-10001519","O'Sullivan 3-Shelf Heavy-Duty Bookcases"
"FUR-BO-10001601","Sauder Mission Library with Doors, Fruitwood Finish"
"FUR-BO-10001619","O'Sullivan Cherrywood Estates Traditional Bookcase"
"FUR-BO-10001798","Bush Somerset Collection Bookcase"
"FUR-BO-10001811","Atlantic Metals Mobile 5-Shelf Bookcases, Custom Colors"
"FUR-BO-10001972","O'Sullivan 4-Shelf Bookcase in Odessa Pine"
"FUR-BO-10002206","Bush Saratoga Collection 5-Shelf Bookcase, Hanover Cherry, *Special Order"
"FUR-BO-10002268","Sauder Barrister Bookcases"
"FUR-BO-10002545","Atlantic Metals Mobile 3-Shelf Bookcases, Custom Colors"
"FUR-BO-10002613","Atlantic Metals Mobile 4-Shelf Bookcases, Custom Colors"
"FUR-BO-10002824","Bush Mission Pointe Library"
"FUR-BO-10003272","O'Sullivan Living Dimensions 5-Shelf Bookcases"
"FUR-BO-10003433","Sauder Cornerstone Collection Library"
"FUR-BO-10003441","Bush Westfield Collection Bookcases, Fully Assembled"
"FUR-BO-10003965","O'Sullivan Manor Hill 2-Door Library in Brianna Oak"
"FUR-BO-10003966","Sauder Facets Collection Library, Sky Alder Finish"
"FUR-BO-10004015","Bush Andora Bookcase, Maple/Graphite Gray Finish"
"FUR-BO-10004409","Safco Value Mate Series Steel Bookcases, Baked Enamel Finish on Steel, Gray"
"FUR-BO-10004467","Bestar Classic Bookcase"
"FUR-BO-10004695","O'Sullivan 2-Door Barrister Bookcase in Odessa Pine"
"FUR-BO-10004709","Bush Westfield Collection Bookcases, Medium Cherry Finish"
"FUR-BO-10004834","Riverside Palais Royal Lawyers Bookcase, Royale Cherry Finish"
"FUR-CH-10000015","Hon Multipurpose Stacking Arm Chairs"
"FUR-CH-10000225","Global Geo Office Task Chair, Gray"
"FUR-CH-10000309","Global Comet Stacking Arm Chair"
"FUR-CH-10000454","Hon Deluxe Fabric Upholstered Stacking Chairs, Rounded Back"
"FUR-CH-10000513","High-Back Leather Manager's Chair"
"FUR-CH-10000595","Safco Contoured Stacking Chairs"
"FUR-CH-10000665","Global Airflow Leather Mesh Back Chair, Black"
"FUR-CH-10000785","Global Ergonomic Managers Chair"
"FUR-CH-10000847","Global Executive Mid-Back Manager's Chair"
"FUR-CH-10000863","Novimex Swivel Fabric Task Chair"
"FUR-CH-10001146","Global Value Mid-Back Manager's Chair, Gray"
"FUR-CH-10001215","Global Troy Executive Leather Low-Back Tilter"
"FUR-CH-10001270","Harbour Creations Steel Folding Chair"
"FUR-CH-10001394","Global Leather Executive Chair"
"FUR-CH-10001482","Office Star - Mesh Screen back chair with Vinyl seat"
"FUR-CH-10001708","Office Star - Contemporary Swivel Chair with Padded Adjustable Arms and Flex Back"
"FUR-CH-10001891","Global Deluxe Office Fabric Chairs"
"FUR-CH-10001973","Office Star Flex Back Scooter Chair with White Frame"
"FUR-CH-10002024","HON 5400 Series Task Chairs for Big and Tall"
"FUR-CH-10002126","Hon Deluxe Fabric Upholstered Stacking Chairs"
"FUR-CH-10002304","Global Stack Chair without Arms, Black"
"FUR-CH-10002331","Hon 4700 Series Mobuis Mid-Back Task Chairs with Adjustable Arms"
"FUR-CH-10002335","Hon GuestStacker Chair"
"FUR-CH-10002372","Office Star - Ergonomically Designed Knee Chair"
"FUR-CH-10002602","DMI Arturo Collection Mission-style Design Wood Chair"
"FUR-CH-10002647","Situations Contoured Folding Chairs, 4/Set"
"FUR-CH-10002774","Global Deluxe Stacking Chair, Gray"
"FUR-CH-10002880","Global High-Back Leather Tilter, Burgundy"
"FUR-CH-10002961","Leather Task Chair, Black"
"FUR-CH-10002965","Global Leather Highback Executive Chair with Pneumatic Height Adjustment, Black"
"FUR-CH-10003061","Global Leather Task Chair, Black"
"FUR-CH-10003199","Office Star - Contemporary Task Swivel Chair"
"FUR-CH-10003312","Hon 2090 “Pillow Soft” Series Mid Back Swivel/Tilt Chairs"
"FUR-CH-10003379","Global Commerce Series High-Back Swivel/Tilt Chairs"
"FUR-CH-10003396","Global Deluxe Steno Chair"
"FUR-CH-10003746","Hon 4070 Series Pagoda Round Back Stacking Chairs"
"FUR-CH-10003817","Global Value Steno Chair, Gray"
"FUR-CH-10003846","Hon Valutask Swivel Chairs"
"FUR-CH-10003956","Novimex High-Tech Fabric Mesh Task Chair"
"FUR-CH-10003968","Novimex Turbo Task Chair"
"FUR-CH-10003973","GuestStacker Chair with Chrome Finish Legs"
"FUR-CH-10004063","Global Deluxe High-Back Manager's Chair"
"FUR-CH-10004086","Hon 4070 Series Pagoda Armless Upholstered Stacking Chairs"
"FUR-CH-10004218","Global Fabric Manager's Chair, Dark Gray"
"FUR-CH-10004287","SAFCO Arco Folding Chair"
"FUR-CH-10004289","Global Super Steno Chair"
"FUR-CH-10004477","Global Push Button Manager's Chair, Indigo"
"FUR-CH-10004540","Global Chrome Stack Chair"
"FUR-CH-10004675","Lifetime Advantage Folding Chairs, 4/Carton"
"FUR-CH-10004698","Padded Folding Chairs, Black, 4/Carton"
"FUR-CH-10004853","Global Manager's Adjustable Task Chair, Storm"
"FUR-CH-10004860","Global Low Back Tilter Chair"
"FUR-CH-10004886","Bevis Steel Folding Chairs"
"FUR-CH-10004997","Hon Every-Day Series Multi-Task Chairs"
"FUR-FU-10000010","DAX Value U-Channel Document Frames, Easel Back"
"FUR-FU-10000023","Eldon Wave Desk Accessories"
"FUR-FU-10000073","Deflect-O Glasstique Clear Desk Accessories"
"FUR-FU-10000076","24-Hour Round Wall Clock"
"FUR-FU-10000087","Executive Impressions 14"" Two-Color Numerals Wall Clock"
"FUR-FU-10000206","GE General Purpose, Extra Long Life, Showcase & Floodlight Incandescent Bulbs"
"FUR-FU-10000221","Master Caster Door Stop, Brown"
"FUR-FU-10000222","Seth Thomas 16"" Steel Case Clock"
"FUR-FU-10000246","Aluminum Document Frame"
"FUR-FU-10000260","6"" Cubicle Wall Clock, Black"
"FUR-FU-10000293","Eldon Antistatic Chair Mats for Low to Medium Pile Carpets"
"FUR-FU-10000397","Luxo Economy Swing Arm Lamp"
"FUR-FU-10000448","Tenex Chairmats For Use With Carpeted Floors"
"FUR-FU-10000521","Seth Thomas 14"" Putty-Colored Wall Clock"
"FUR-FU-10000576","Luxo Professional Fluorescent Magnifier Lamp with Clamp-Mount Base"
"FUR-FU-10000629","9-3/4 Diameter Round Wall Clock"
"FUR-FU-10000723","Deflect-o EconoMat Studded, No Bevel Mat for Low Pile Carpeting"
"FUR-FU-10000732","Eldon 200 Class Desk Accessories"
"FUR-FU-10000758","DAX Natural Wood-Tone Poster Frame"
"FUR-FU-10000794","Eldon Stackable Tray, Side-Load, Legal, Smoke"
"FUR-FU-10000965","Howard Miller 11-1/2"" Diameter Ridgewood Wall Clock"
"FUR-FU-10001095","DAX Black Cherry Wood-Tone Poster Frame"
"FUR-FU-10001290","Executive Impressions Supervisor Wall Clock"
"FUR-FU-10001424","Dax Clear Box Frame"
"FUR-FU-10001473","DAX Wood Document Frame"
"FUR-FU-10001475","Contract Clock, 14"", Brown"
"FUR-FU-10001487","Eldon Expressions Wood and Plastic Desk Accessories, Cherry Wood"
"FUR-FU-10001488","Tenex 46"" x 60"" Computer Anti-Static Chairmat, Rectangular Shaped"
"FUR-FU-10001588","Deflect-o SuperTray Unbreakable Stackable Tray, Letter, Black"
"FUR-FU-10001602","Eldon Delta Triangular Chair Mat, 52"" x 58"", Clear"
"FUR-FU-10001706","Longer-Life Soft White Bulbs"
"FUR-FU-10001756","Eldon Expressions Desk Accessory, Wood Photo Frame, Mahogany"
"FUR-FU-10001852","Eldon Regeneration Recycled Desk Accessories, Smoke"
"FUR-FU-10001861","Floodlight Indoor Halogen Bulbs, 1 Bulb per Pack, 60 Watts"
"FUR-FU-10001867","Eldon Expressions Punched Metal & Wood Desk Accessories, Pewter & Cherry"
"FUR-FU-10001918","C-Line Cubicle Keepers Polyproplyene Holder With Velcro Backings"
"FUR-FU-10001934","Magnifier Swing Arm Lamp"
"FUR-FU-10001935","3M Hangers With Command Adhesive"
"FUR-FU-10001940","Staple-based wall hangings"
"FUR-FU-10001967","Telescoping Adjustable Floor Lamp"
"FUR-FU-10001979","Dana Halogen Swing-Arm Architect Lamp"
"FUR-FU-10002088","Nu-Dell Float Frame 11 x 14 1/2"
"FUR-FU-10002157","Artistic Insta-Plaque"
"FUR-FU-10002191","G.E. Halogen Desk Lamp Bulbs"
"FUR-FU-10002253","Howard Miller 13"" Diameter Pewter Finish Round Wall Clock"
"FUR-FU-10002268","Ultra Door Push Plate"
"FUR-FU-10002456","Master Caster Door Stop, Large Neon Orange"
"FUR-FU-10002505","Eldon 100 Class Desk Accessories"
"FUR-FU-10002554","Westinghouse Floor Lamp with Metal Mesh Shade, Black"
"FUR-FU-10002597","C-Line Magnetic Cubicle Keepers, Clear Polypropylene"
"FUR-FU-10002671","Electrix 20W Halogen Replacement Bulb for Zoom-In Desk Lamp"
"FUR-FU-10002759","12-1/2 Diameter Round Wall Clock"
"FUR-FU-10002885","Magna Visual Magnetic Picture Hangers"
"FUR-FU-10002918","Eldon ClusterMat Chair Mat with Cordless Antistatic Protection"
"FUR-FU-10002937","GE 48"" Fluorescent Tube, Cool White Energy Saver, 34 Watts, 30/Box"
"FUR-FU-10002960","Eldon 200 Class Desk Accessories, Burgundy"
"FUR-FU-10003039","Howard Miller 11-1/2"" Diameter Grantwood Wall Clock"
"FUR-FU-10003096","Master Giant Foot Doorstop, Safety Yellow"
"FUR-FU-10003194","Eldon Expressions Desk Accessory, Wood Pencil Holder, Oak"
"FUR-FU-10003268","Eldon Radial Chair Mat for Low to Medium Pile Carpets"
"FUR-FU-10003274","Regeneration Desk Collection"
"FUR-FU-10003347","Coloredge Poster Frame"
"FUR-FU-10003394","Tenex ""The Solids"" Textured Chair Mats"
"FUR-FU-10003535","Howard Miller Distant Time Traveler Alarm Clock"
"FUR-FU-10003553","Howard Miller 13-1/2"" Diameter Rosebrook Wall Clock"
"FUR-FU-10003577","Nu-Dell Leatherette Frames"
"FUR-FU-10003601","Deflect-o RollaMat Studded, Beveled Mat for Medium Pile Carpeting"
"FUR-FU-10003664","Electrix Architect's Clamp-On Swing Arm Lamp, Black"
"FUR-FU-10003691","Eldon Image Series Desk Accessories, Ebony"
"FUR-FU-10003708","Tenex Traditional Chairmats for Medium Pile Carpet, Standard Lip, 36"" x 48"""
"FUR-FU-10003724","Westinghouse Clip-On Gooseneck Lamps"
"FUR-FU-10003773","Eldon Cleatmat Plus Chair Mats for High Pile Carpets"
"FUR-FU-10003799","Seth Thomas 13 1/2"" Wall Clock"
"FUR-FU-10003849","DAX Metal Frame, Desktop, Stepped-Edge"
"FUR-FU-10003878","Linden 10"" Round Wall Clock, Black"
"FUR-FU-10003975","Eldon Advantage Chair Mats for Low to Medium Pile Carpets"
"FUR-FU-10003976","DAX Executive Solid Wood Document Frame, Desktop or Hang, Mahogany, 5 x 7"
"FUR-FU-10003981","Eldon Wave Desk Accessories"
"FUR-FU-10004006","Deflect-o DuraMat Lighweight, Studded, Beveled Mat for Low Pile Carpeting"
"FUR-FU-10004017","Tenex Contemporary Contur Chairmats for Low and Medium Pile Carpet, Computer, 39"" x 49"""
"FUR-FU-10004018","Tensor Computer Mounted Lamp"
"FUR-FU-10004020","Advantus Panel Wall Acrylic Frame"
"FUR-FU-10004071","Luxo Professional Magnifying Clamp-On Fluorescent Lamps"
"FUR-FU-10004090","Executive Impressions 14"" Contract Wall Clock"
"FUR-FU-10004091","Howard Miller 13"" Diameter Goldtone Round Wall Clock"
"FUR-FU-10004188","Luxo Professional Combination Clamp-On Lamps"
"FUR-FU-10004270","Eldon Image Series Desk Accessories, Burgundy"
"FUR-FU-10004306","Electrix Halogen Magnifier Lamp"
"FUR-FU-10004351","Staple-based wall hangings"
"FUR-FU-10004415","Stacking Tray, Side-Loading, Legal, Smoke"
"FUR-FU-10004460","Howard Miller 12"" Round Wall Clock"
"FUR-FU-10004622","Eldon Advantage Foldable Chair Mats for Low Pile Carpets"
"FUR-FU-10004712","Westinghouse Mesh Shade Clip-On Gooseneck Lamp, Black"
"FUR-FU-10004848","Howard Miller 13-3/4"" Diameter Brushed Chrome Round Wall Clock"
"FUR-FU-10004864","Howard Miller 14-1/2"" Diameter Chrome Round Wall Clock"
"FUR-FU-10004952","C-Line Cubicle Keepers Polyproplyene Holder w/Velcro Back, 8-1/2x11, 25/Bx"
"FUR-FU-10004960","Seth Thomas 12"" Clock w/ Goldtone Case"
"FUR-TA-10000198","Chromcraft Bull-Nose Wood Oval Conference Tables & Bases"
"FUR-TA-10000577","Bretford CR4500 Series Slim Rectangular Table"
"FUR-TA-10000617","Hon Practical Foundations 30 x 60 Training Table, Light Gray/Charcoal"
"FUR-TA-10000688","Chromcraft Bull-Nose Wood Round Conference Table Top, Wood Base"
"FUR-TA-10001039","KI Adjustable-Height Table"
"FUR-TA-10001095","Chromcraft Round Conference Tables"
"FUR-TA-10001307","SAFCO PlanMaster Heigh-Adjustable Drafting Table Base, 43w x 30d x 30-37h, Black"
"FUR-TA-10001520","Lesro Sheffield Collection Coffee Table, End Table, Center Table, Corner Table"
"FUR-TA-10001539","Chromcraft Rectangular Conference Tables"
"FUR-TA-10001676","Hon 61000 Series Interactive Training Tables"
"FUR-TA-10001705","Bush Advantage Collection Round Conference Table"
"FUR-TA-10001768","Hon Racetrack Conference Tables"
"FUR-TA-10001857","Balt Solid Wood Rectangular Table"
"FUR-TA-10001889","Bush Advantage Collection Racetrack Conference Table"
"FUR-TA-10001932","Chromcraft 48"" x 96"" Racetrack Double Pedestal Table"
"FUR-TA-10002041","Bevis Round Conference Table Top, X-Base"
"FUR-TA-10002228","Bevis Traditional Conference Table Top, Plinth Base"
"FUR-TA-10002356","Bevis Boat-Shaped Conference Table"
"FUR-TA-10002530","Iceberg OfficeWorks 42"" Round Tables"
"FUR-TA-10002533","BPI Conference Tables"
"FUR-TA-10002607","KI Conference Tables"
"FUR-TA-10002622","Bush Andora Conference Table, Maple/Graphite Gray Finish"
"FUR-TA-10002774","Laminate Occasional Tables"
"FUR-TA-10002903","Bevis Round Bullnose 29"" High Table Top"
"FUR-TA-10002958","Bevis Oval Conference Table, Walnut"
"FUR-TA-10003008","Lesro Round Back Collection Coffee Table, End Table"
"FUR-TA-10003473","Bretford Rectangular Conference Table Tops"
"FUR-TA-10003715","Hon 2111 Invitation Series Corner Table"
"FUR-TA-10003748","Bevis 36 x 72 Conference Tables"
"FUR-TA-10004086","KI Adjustable-Height Table"
"FUR-TA-10004147","Hon 4060 Series Tables"
"FUR-TA-10004154","Riverside Furniture Oval Coffee Table, Oval End Table, End Table with Drawer"
"FUR-TA-10004256","Bretford “Just In Time” Height-Adjustable Multi-Task Work Tables"
"FUR-TA-10004289","BoxOffice By Design Rectangular and Half-Moon Meeting Room Tables"
"FUR-TA-10004534","Bevis 44 x 96 Conference Tables"
"FUR-TA-10004575","Hon 5100 Series Wood Tables"
"FUR-TA-10004619","Hon Non-Folding Utility Tables"
"FUR-TA-10004915","Office Impressions End Table, 20-1/2""H x 24""W x 20""D"
"OFF-AP-10000055","Belkin F9S820V06 8 Outlet Surge"
"OFF-AP-10000179","Honeywell Enviracaire Portable HEPA Air Cleaner for up to 10 x 16 Room"
"OFF-AP-10000240","Belkin F9G930V10-GRY 9 Outlet Surge"
"OFF-AP-10000326","Belkin 7 Outlet SurgeMaster Surge Protector with Phone Protection"
"OFF-AP-10000358","Fellowes Basic Home/Office Series Surge Protectors"
"OFF-AP-10000576","Belkin 7 Outlet SurgeMaster II"
"OFF-AP-10000696","Holmes Odor Grabber"
"OFF-AP-10000804","Hoover Portapower Portable Vacuum"
"OFF-AP-10000828","Avanti 4.4 Cu. Ft. Refrigerator"
"OFF-AP-10000891","Kensington 7 Outlet MasterPiece HOMEOFFICE Power Control Center"
"OFF-AP-10001058","Sanyo 2.5 Cubic Foot Mid-Size Office Refrigerators"
"OFF-AP-10001124","Belkin 8 Outlet SurgeMaster II Gold Surge Protector with Phone Protection"
"OFF-AP-10001154","Bionaire Personal Warm Mist Humidifier/Vaporizer"
"OFF-AP-10001271","Eureka The Boss Cordless Rechargeable Stick Vac"
"OFF-AP-10001303","Holmes Cool Mist Humidifier for the Whole House with 8-Gallon Output per Day, Extended Life Filter"
"OFF-AP-10001469","Fellowes 8 Outlet Superior Workstation Surge Protector"
"OFF-AP-10001492","Acco Six-Outlet Power Strip, 4' Cord Length"
"OFF-AP-10001563","Belkin Premiere Surge Master II 8-outlet surge protector"
"OFF-AP-10001626","Commercial WindTunnel Clean Air Upright Vacuum, Replacement Belts, Filtration Bags"
"OFF-AP-10002118","1.7 Cubic Foot Compact ""Cube"" Office Refrigerators"
"OFF-AP-10002191","Belkin 8 Outlet SurgeMaster II Gold Surge Protector"
"OFF-AP-10002203","Eureka Disposable Bags for Sanitaire Vibra Groomer I Upright Vac"
"OFF-AP-10002311","Holmes Replacement Filter for HEPA Air Cleaner, Very Large Room, HEPA Filter"
"OFF-AP-10002350","Belkin F9H710-06 7 Outlet SurgeMaster Surge Protector"
"OFF-AP-10002439","Tripp Lite Isotel 8 Ultra 8 Outlet Metal Surge"
"OFF-AP-10002457","Eureka The Boss Plus 12-Amp Hard Box Upright Vacuum, Red"
"OFF-AP-10002472","3M Office Air Cleaner"
"OFF-AP-10002495","Acco Smartsocket Table Surge Protector, 6 Color-Coded Adapter Outlets"
"OFF-AP-10002518","Kensington 7 Outlet MasterPiece Power Center"
"OFF-AP-10002578","Fellowes Premier Superior Surge Suppressor, 10-Outlet, With Phone and Remote"
"OFF-AP-10002684","Acco 7-Outlet Masterpiece Power Center, Wihtout Fax/Phone Line Protection"
"OFF-AP-10002892","Belkin F5C206VTEL 6 Outlet Surge"
"OFF-AP-10002906","Hoover Replacement Belt for Commercial Guardsman Heavy-Duty Upright Vacuum"
"OFF-AP-10002945","Honeywell Enviracaire Portable HEPA Air Cleaner for 17' x 22' Room"
"OFF-AP-10003040","Fellowes 8 Outlet Superior Workstation Surge Protector w/o Phone/Fax/Modem Protection"
"OFF-AP-10003217","Eureka Sanitaire  Commercial Upright"
"OFF-AP-10003266","Holmes Replacement Filter for HEPA Air Cleaner, Large Room"
"OFF-AP-10003287","Tripp Lite TLP810NET Broadband Surge for Modem/Fax"
"OFF-AP-10003590","Hoover WindTunnel Plus Canister Vacuum"
"OFF-AP-10003622","Bravo II Megaboss 12-Amp Hard Body Upright, Replacement Belts, 2 Belts per Pack"
"OFF-AP-10003849","Hoover Shoulder Vac Commercial Portable Vacuum"
"OFF-AP-10003860","Fellowes Advanced 8 Outlet Surge Suppressor with Phone/Fax Protection"
"OFF-AP-10003884","Fellowes Smart Surge Ten-Outlet Protector, Platinum"
"OFF-AP-10003914","Sanitaire Vibra Groomer IR Commercial Upright Vacuum, Replacement Belts"
"OFF-AP-10003971","Belkin 6 Outlet Metallic Surge Strip"
"OFF-AP-10004249","Staple holder"
"OFF-AP-10004336","Conquest 14 Commercial Heavy-Duty Upright Vacuum, Collection System, Accessory Kit"
"OFF-AP-10004487","Kensington 4 Outlet MasterPiece Compact Power Control Center"
"OFF-AP-10004532","Kensington 6 Outlet Guardian Standard Surge Protector"
"OFF-AP-10004708","Fellowes Superior 10 Outlet Split Surge Protector"
"OFF-AP-10004859","Acco 6 Outlet Guardian Premium Surge Suppressor"
"OFF-AP-10004868","Hoover Commercial Soft Guard Upright Vacuum And Disposable Filtration Bags"
"OFF-AP-10004980","3M Replacement Filter for Office Air Cleaner for 20' x 33' Room"
"OFF-AR-10000034","BIC Brite Liner Grip Highlighters, Assorted, 5/Pack"
"OFF-AR-10000122","Newell 314"
"OFF-AR-10000203","Newell 336"
"OFF-AR-10000246","Newell 318"
"OFF-AR-10000255","Newell 328"
"OFF-AR-10000369","Design Ebony Sketching Pencil"
"OFF-AR-10000380","Hunt PowerHouse Electric Pencil Sharpener, Blue"
"OFF-AR-10000390","Newell Chalk Holder"
"OFF-AR-10000411","Boston 16701 Slimline Battery Pencil Sharpener"
"OFF-AR-10000422","Pencil and Crayon Sharpener"
"OFF-AR-10000462","Sanford Pocket Accent Highlighters"
"OFF-AR-10000588","Newell 345"
"OFF-AR-10000634","Newell 320"
"OFF-AR-10000658","Newell 324"
"OFF-AR-10000716","DIXON Ticonderoga Erasable Checking Pencils"
"OFF-AR-10000823","Newell 307"
"OFF-AR-10000896","Newell 329"
"OFF-AR-10000940","Newell 343"
"OFF-AR-10001022","SANFORD Liquid Accent Tank-Style Highlighters"
"OFF-AR-10001026","Sanford Uni-Blazer View Highlighters, Chisel Tip, Yellow"
"OFF-AR-10001044","BOSTON Ranger #55 Pencil Sharpener, Black"
"OFF-AR-10001118","Binney & Smith Crayola Metallic Crayons, 16-Color Pack"
"OFF-AR-10001130","Quartet Alpha White Chalk, 12/Pack"
"OFF-AR-10001149","Sanford Colorific Colored Pencils, 12/Box"
"OFF-AR-10001166","Staples in misc. colors"
"OFF-AR-10001221","Dixon Ticonderoga Erasable Colored Pencil Set, 12-Color"
"OFF-AR-10001246","Newell 317"
"OFF-AR-10001315","Newell 310"
"OFF-AR-10001374","BIC Brite Liner Highlighters, Chisel Tip"
"OFF-AR-10001419","Newell 325"
"OFF-AR-10001427","Newell 330"
"OFF-AR-10001468","Sanford Prismacolor Professional Thick Lead Art Pencils, 36-Color Set"
"OFF-AR-10001545","Newell 326"
"OFF-AR-10001547","Newell 311"
"OFF-AR-10001573","American Pencil"
"OFF-AR-10001662","Rogers Handheld Barrel Pencil Sharpener"
"OFF-AR-10001683","Lumber Crayons"
"OFF-AR-10001860","BIC Liqua Brite Liner"
"OFF-AR-10001868","Prang Dustless Chalk Sticks"
"OFF-AR-10001897","Model L Table or Wall-Mount Pencil Sharpener"
"OFF-AR-10001915","Peel-Off China Markers"
"OFF-AR-10001919","OIC #2 Pencils, Medium Soft"
"OFF-AR-10001940","Sanford Colorific Eraseable Coloring Pencils, 12 Count"
"OFF-AR-10001953","Boston 1645 Deluxe Heavier-Duty Electric Pencil Sharpener"
"OFF-AR-10001954","Newell 331"
"OFF-AR-10001955","Newell 319"
"OFF-AR-10001958","Stanley Bostitch Contemporary Electric Pencil Sharpeners"
"OFF-AR-10001988","Bulldog Table or Wall-Mount Pencil Sharpener"
"OFF-AR-10002053","Premium Writing Pencils, Soft, #2 by Central Association for the Blind"
"OFF-AR-10002135","Boston Heavy-Duty Trimline Electric Pencil Sharpeners"
"OFF-AR-10002221","12 Colored Short Pencils"
"OFF-AR-10002240","Panasonic KP-150 Electric Pencil Sharpener"
"OFF-AR-10002255","Newell 346"
"OFF-AR-10002280","Staples in misc. colors"
"OFF-AR-10002335","DIXON Oriole Pencils"
"OFF-AR-10002375","Newell 351"
"OFF-AR-10002399","Dixon Prang Watercolor Pencils, 10-Color Set with Brush"
"OFF-AR-10002578","Newell 335"
"OFF-AR-10002656","Sanford Liquid Accent Highlighters"
"OFF-AR-10002671","Hunt BOSTON Model 1606 High-Volume Electric Pencil Sharpener, Beige"
"OFF-AR-10002804","Faber Castell Col-Erase Pencils"
"OFF-AR-10002818","Panasonic KP-310 Heavy-Duty Electric Pencil Sharpener"
"OFF-AR-10002833","Newell 322"
"OFF-AR-10002952","Stanley Contemporary Battery Pencil Sharpeners"
"OFF-AR-10002956","Boston 16801 Nautilus Battery Pencil Sharpener"
"OFF-AR-10003045","Prang Colored Pencils"
"OFF-AR-10003056","Newell 341"
"OFF-AR-10003156","50 Colored Long Pencils"
"OFF-AR-10003158","Fluorescent Highlighters by Dixon"
"OFF-AR-10003190","Newell 32"
"OFF-AR-10003251","Prang Drawing Pencil Set"
"OFF-AR-10003373","Boston School Pro Electric Pencil Sharpener, 1670"
"OFF-AR-10003394","Newell 332"
"OFF-AR-10003405","Dixon My First Ticonderoga Pencil, #2"
"OFF-AR-10003478","Avery Hi-Liter EverBold Pen Style Fluorescent Highlighters, 4/Pack"
"OFF-AR-10003504","Newell 347"
"OFF-AR-10003514","4009 Highlighters by Sanford"
"OFF-AR-10003560","Zebra Zazzle Fluorescent Highlighters"
"OFF-AR-10003602","Quartet Omega Colored Chalk, 12/Pack"
"OFF-AR-10003651","Newell 350"
"OFF-AR-10003732","Newell 333"
"OFF-AR-10003752","Deluxe Chalkboard Eraser Cleaner"
"OFF-AR-10003759","Crayola Anti Dust Chalk, 12/Pack"
"OFF-AR-10003770","Newell 340"
"OFF-AR-10003811","Newell 327"
"OFF-AR-10003829","Newell 35"
"OFF-AR-10003856","Newell 344"
"OFF-AR-10003903","Sanford 52201 APSCO Electric Pencil Sharpener"
"OFF-AR-10003958","Newell 337"
"OFF-AR-10004022","Panasonic KP-380BK Classic Electric Pencil Sharpener"
"OFF-AR-10004027","Binney & Smith inkTank Erasable Desk Highlighter, Chisel Tip, Yellow, 12/Box"
"OFF-AR-10004042","BOSTON Model 1800 Electric Pencil Sharpeners, Putty/Woodgrain"
"OFF-AR-10004078","Newell 312"
"OFF-AR-10004344","Bulldog Vacuum Base Pencil Sharpener"
"OFF-AR-10004441","BIC Brite Liner Highlighters"
"OFF-AR-10004456","Panasonic KP-4ABK Battery-Operated Pencil Sharpener"
"OFF-AR-10004648","Boston 19500 Mighty Mite Electric Pencil Sharpener"
"OFF-AR-10004685","Binney & Smith Crayola Metallic Colored Pencils, 8-Color Set"
"OFF-AR-10004757","Crayola Colored Pencils"
"OFF-AR-10004790","Staples in misc. colors"
"OFF-AR-10004817","Colorific Watercolor Pencils"
"OFF-AR-10004930","Turquoise Lead Holder with Pocket Clip"
"OFF-AR-10004974","Newell 342"
"OFF-AR-10004999","Newell 315"
"OFF-BI-10000014","Heavy-Duty E-Z-D Binders"
"OFF-BI-10000042","Pressboard Data Binder, Crimson, 12"" X 8 1/2"""
"OFF-BI-10000050","Angle-D Binders with Locking Rings, Label Holders"
"OFF-BI-10000069","GBC Prepunched Paper, 19-Hole, for Binding Systems, 24-lb"
"OFF-BI-10000088","GBC Imprintable Covers"
"OFF-BI-10000136","Avery Non-Stick Heavy Duty View Round Locking Ring Binders"
"OFF-BI-10000138","Acco Translucent Poly Ring Binders"
"OFF-BI-10000145","Zipper Ring Binder Pockets"
"OFF-BI-10000285","XtraLife ClearVue Slant-D Ring Binders by Cardinal"
"OFF-BI-10000301","GBC Instant Report Kit"
"OFF-BI-10000309","GBC Twin Loop Wire Binding Elements, 9/16"" Spine, Black"
"OFF-BI-10000315","Poly Designer Cover & Back"
"OFF-BI-10000320","GBC Plastic Binding Combs"
"OFF-BI-10000343","Pressboard Covers with Storage Hooks, 9 1/2"" x 11"", Light Blue"
"OFF-BI-10000404","Avery Printable Repositionable Plastic Tabs"
"OFF-BI-10000474","Avery Recycled Flexi-View Covers for Binding Systems"
"OFF-BI-10000545","GBC Ibimaster 500 Manual ProClick Binding System"
"OFF-BI-10000546","Avery Durable Binders"
"OFF-BI-10000591","Avery Binder Labels"
"OFF-BI-10000605","Acco Pressboard Covers with Storage Hooks, 9 1/2"" x 11"", Executive Red"
"OFF-BI-10000666","Surelock Post Binders"
"OFF-BI-10000756","Storex DuraTech Recycled Plastic Frosted Binders"
"OFF-BI-10000773","Insertable Tab Post Binder Dividers"
"OFF-BI-10000778","GBC VeloBinder Electric Binding Machine"
"OFF-BI-10000822","Acco PRESSTEX Data Binder with Storage Hooks, Light Blue, 9 1/2"" X 11"""
"OFF-BI-10000831","Storex Flexible Poly Binders with Double Pockets"
"OFF-BI-10000848","Angle-D Ring Binders"
"OFF-BI-10000977","Ibico Plastic Spiral Binding Combs"
"OFF-BI-10001031","Pressboard Data Binders by Wilson Jones"
"OFF-BI-10001036","Cardinal EasyOpen D-Ring Binders"
"OFF-BI-10001071","GBC ProClick Punch Binding System"
"OFF-BI-10001072","GBC Clear Cover, 8-1/2 x 11, unpunched, 25 covers per pack"
"OFF-BI-10001078","Acco PRESSTEX Data Binder with Storage Hooks, Dark Blue, 14 7/8"" X 11"""
"OFF-BI-10001097","Avery Hole Reinforcements"
"OFF-BI-10001098","Acco D-Ring Binder w/DublLock"
"OFF-BI-10001107","GBC White Gloss Covers, Plain Front"
"OFF-BI-10001116","Wilson Jones 1"" Hanging DublLock Ring Binders"
"OFF-BI-10001132","Acco PRESSTEX Data Binder with Storage Hooks, Dark Blue, 9 1/2"" X 11"""
"OFF-BI-10001153","Ibico Recycled Grain-Textured Covers"
"OFF-BI-10001191","Canvas Sectional Post Binders"
"OFF-BI-10001294","Fellowes Binding Cases"
"OFF-BI-10001460","Plastic Binding Combs"
"OFF-BI-10001510","Deluxe Heavy-Duty Vinyl Round Ring Binder"
"OFF-BI-10001524","GBC Premium Transparent Covers with Diagonal Lined Pattern"
"OFF-BI-10001525","Acco Pressboard Covers with Storage Hooks, 14 7/8"" x 11"", Executive Red"
"OFF-BI-10001543","GBC VeloBinder Manual Binding System"
"OFF-BI-10001575","GBC Linen Binding Covers"
"OFF-BI-10001597","Wilson Jones Ledger-Size, Piano-Hinge Binder, 2"", Blue"
"OFF-BI-10001634","Wilson Jones Active Use Binders"
"OFF-BI-10001636","Ibico Plastic and Wire Spiral Binding Combs"
"OFF-BI-10001658","GBC Standard Therm-A-Bind Covers"
"OFF-BI-10001670","Vinyl Sectional Post Binders"
"OFF-BI-10001679","GBC Instant Index System for Binding Systems"
"OFF-BI-10001721","Trimflex Flexible Post Binders"
"OFF-BI-10001758","Wilson Jones 14 Line Acrylic Coated Pressboard Data Binders"
"OFF-BI-10001759","Acco Pressboard Covers with Storage Hooks, 14 7/8"" x 11"", Dark Blue"
"OFF-BI-10001765","Wilson Jones Heavy-Duty Casebound Ring Binders with Metal Hinges"
"OFF-BI-10001890","Avery Poly Binder Pockets"
"OFF-BI-10001922","Storex Dura Pro Binders"
"OFF-BI-10001982","Wilson Jones Custom Binder Spines & Labels"
"OFF-BI-10001989","Premium Transparent Presentation Covers by GBC"
"OFF-BI-10002012","Wilson Jones Easy Flow II Sheet Lifters"
"OFF-BI-10002026","Avery Arch Ring Binders"
"OFF-BI-10002049","UniKeep View Case Binders"
"OFF-BI-10002071","Fellowes Black Plastic Comb Bindings"
"OFF-BI-10002072","Cardinal Slant-D Ring Binders"
"OFF-BI-10002103","Cardinal Slant-D Ring Binder, Heavy Gauge Vinyl"
"OFF-BI-10002160","Acco Hanging Data Binders"
"OFF-BI-10002194","Cardinal Hold-It CD Pocket"
"OFF-BI-10002215","Wilson Jones Hanging View Binder, White, 1"""
"OFF-BI-10002225","Square Ring Data Binders, Rigid 75 Pt. Covers, 11"" x 14-7/8"""
"OFF-BI-10002309","Avery Heavy-Duty EZD  Binder With Locking Rings"
"OFF-BI-10002353","GBC VeloBind Cover Sets"
"OFF-BI-10002412","Wilson Jones “Snap” Scratch Pad Binder Tool for Ring Binders"
"OFF-BI-10002414","GBC ProClick Spines for 32-Hole Punch"
"OFF-BI-10002429","Premier Elliptical Ring Binder, Black"
"OFF-BI-10002432","Wilson Jones Standard D-Ring Binders"
"OFF-BI-10002498","Clear Mylar Reinforcing Strips"
"OFF-BI-10002557","Presstex Flexible Ring Binders"
"OFF-BI-10002609","Avery Hidden Tab Dividers for Binding Systems"
"OFF-BI-10002706","Avery Premier Heavy-Duty Binder with Round Locking Rings"
"OFF-BI-10002735","GBC Prestige Therm-A-Bind Covers"
"OFF-BI-10002764","Recycled Pressboard Report Cover with Reinforced Top Hinge"
"OFF-BI-10002794","Avery Trapezoid Ring Binder, 3"" Capacity, Black, 1040 sheets"
"OFF-BI-10002813","Avery Reinforcements for Hole-Punch Pages"
"OFF-BI-10002824","Recycled Easel Ring Binders"
"OFF-BI-10002827","Avery Durable Poly Binders"
"OFF-BI-10002852","Ibico Standard Transparent Covers"
"OFF-BI-10002854","Performers Binder/Pad Holder, Black"
"OFF-BI-10002867","GBC Recycled Regency Composition Covers"
"OFF-BI-10002931","Avery Trapezoid Extra Heavy Duty 4"" Binders"
"OFF-BI-10002949","Prestige Round Ring Binders"
"OFF-BI-10002976","ACCOHIDE Binder by Acco"
"OFF-BI-10003094","Self-Adhesive Ring Binder Labels"
"OFF-BI-10003274","Avery Durable Slant Ring Binders, No Labels"
"OFF-BI-10003291","Wilson Jones Leather-Like Binders with DublLock Round Rings"
"OFF-BI-10003305","Avery Hanging File Binders"
"OFF-BI-10003314","Tuff Stuff Recycled Round Ring Binders"
"OFF-BI-10003350","Acco Expandable Hanging Binders"
"OFF-BI-10003355","Cardinal Holdit Business Card Pockets"
"OFF-BI-10003364","Binding Machine Supplies"
"OFF-BI-10003429","Cardinal HOLDit! Binder Insert Strips,Extra Strips"
"OFF-BI-10003460","Acco 3-Hole Punch"
"OFF-BI-10003527","Fellowes PB500 Electric Punch Plastic Comb Binding Machine with Manual Bind"
"OFF-BI-10003529","Avery Round Ring Poly Binders"
"OFF-BI-10003638","GBC Durable Plastic Covers"
"OFF-BI-10003650","GBC DocuBind 300 Electric Binding Machine"
"OFF-BI-10003656","Fellowes PB200 Plastic Comb Binding Machine"
"OFF-BI-10003669","3M Organizer Strips"
"OFF-BI-10003676","GBC Standard Recycled Report Covers, Clear Plastic Sheets"
"OFF-BI-10003684","Wilson Jones Legal Size Ring Binders"
"OFF-BI-10003694","Avery 3 1/2"" Diskette Storage Pages, 10/Pack"
"OFF-BI-10003707","Aluminum Screw Posts"
"OFF-BI-10003708","Acco Four Pocket Poly Ring Binder with Label Holder, Smoke, 1"""
"OFF-BI-10003712","Acco Pressboard Covers with Storage Hooks, 14 7/8"" x 11"", Light Blue"
"OFF-BI-10003719","Large Capacity Hanging Post Binders"
"OFF-BI-10003727","Avery Durable Slant Ring Binders With Label Holder"
"OFF-BI-10003910","DXL Angle-View Binders with Locking Rings by Samsill"
"OFF-BI-10003925","Fellowes PB300 Plastic Comb Binding Machine"
"OFF-BI-10003981","Avery Durable Plastic 1"" Binders"
"OFF-BI-10003982","Wilson Jones Century Plastic Molded Ring Binders"
"OFF-BI-10003984","Lock-Up Easel 'Spel-Binder'"
"OFF-BI-10004001","GBC Recycled VeloBinder Covers"
"OFF-BI-10004002","Wilson Jones International Size A4 Ring Binders"
"OFF-BI-10004022","Acco Suede Grain Vinyl Round Ring Binder"
"OFF-BI-10004094","GBC Standard Plastic Binding Systems Combs"
"OFF-BI-10004139","Fellowes Presentation Covers for Comb Binding Machines"
"OFF-BI-10004140","Avery Non-Stick Binders"
"OFF-BI-10004182","Economy Binders"
"OFF-BI-10004187","3-ring staple pack"
"OFF-BI-10004224","Catalog Binders with Expanding Posts"
"OFF-BI-10004230","GBC Recycled Grain Textured Covers"
"OFF-BI-10004236","XtraLife ClearVue Slant-D Ring Binder, White, 3"""
"OFF-BI-10004330","GBC Velobind Prepunched Cover Sets, Regency Series"
"OFF-BI-10004352","Wilson Jones DublLock D-Ring Binders"
"OFF-BI-10004364","Storex Dura Pro Binders"
"OFF-BI-10004410","C-Line Peel & Stick Add-On Filing Pockets, 8-3/4 x 5-1/8, 10/Pack"
"OFF-BI-10004465","Avery Durable Slant Ring Binders"
"OFF-BI-10004492","Tuf-Vin Binders"
"OFF-BI-10004519","GBC DocuBind P100 Manual Binding Machine"
"OFF-BI-10004528","Cardinal Poly Pocket Divider Pockets for Ring Binders"
"OFF-BI-10004584","GBC ProClick 150 Presentation Binding System"
"OFF-BI-10004593","Ibico Laser Imprintable Binding System Covers"
"OFF-BI-10004632","Ibico Hi-Tech Manual Binding System"
"OFF-BI-10004654","Avery Binding System Hidden Tab Executive Style Index Sets"
"OFF-BI-10004656","Peel & Stick Add-On Corner Pockets"
"OFF-BI-10004716","Wilson Jones Hanging Recycled Pressboard Data Binders"
"OFF-BI-10004728","Wilson Jones Turn Tabs Binder Tool for Ring Binders"
"OFF-BI-10004738","Flexible Leather- Look Classic Collection Ring Binder"
"OFF-BI-10004781","GBC Wire Binding Strips"
"OFF-BI-10004826","JM Magazine Binder"
"OFF-BI-10004876","Wilson Jones Suede Grain Vinyl Binders"
"OFF-BI-10004965","Ibico Covers for Plastic or Wire Binding Elements"
"OFF-BI-10004967","Round Ring Binders"
"OFF-BI-10004970","ACCOHIDE 3-Ring Binder, Blue, 1"""
"OFF-BI-10004995","GBC DocuBind P400 Electric Binding System"
"OFF-EN-10000056","Cameo Buff Policy Envelopes"
"OFF-EN-10000461","#10- 4 1/8"" x 9 1/2"" Recycled Envelopes"
"OFF-EN-10000483","White Envelopes, White Envelopes with Clear Poly Window"
"OFF-EN-10000927","Jet-Pak Recycled Peel 'N' Seal Padded Mailers"
"OFF-EN-10001099","Staple envelope"
"OFF-EN-10001137","#10 Gummed Flap White Envelopes, 100/Box"
"OFF-EN-10001141","Manila Recycled Extra-Heavyweight Clasp Envelopes, 6"" x 9"""
"OFF-EN-10001219","#10- 4 1/8"" x 9 1/2"" Security-Tint Envelopes"
"OFF-EN-10001335","White Business Envelopes with Contemporary Seam, Recycled White Business Envelopes"
"OFF-EN-10001415","Staple envelope"
"OFF-EN-10001434","Strathmore #10 Envelopes, Ultimate White"
"OFF-EN-10001509","Poly String Tie Envelopes"
"OFF-EN-10001532","Brown Kraft Recycled Envelopes"
"OFF-EN-10001539","Staple envelope"
"OFF-EN-10001990","Staple envelope"
"OFF-EN-10002230","Airmail Envelopes"
"OFF-EN-10002500","Globe Weis Peel & Seel First Class Envelopes"
"OFF-EN-10002504","Tyvek  Top-Opening Peel & Seel Envelopes, Plain White"
"OFF-EN-10002600","Redi-Strip #10 Envelopes, 4 1/8 x 9 1/2"
"OFF-EN-10002831","Tyvek  Top-Opening Peel & Seel  Envelopes, Gray"
"OFF-EN-10002986","#10-4 1/8"" x 9 1/2"" Premium Diagonal Seam Envelopes"
"OFF-EN-10003001","Ames Color-File Green Diamond Border X-ray Mailers"
"OFF-EN-10003055","Blue String-Tie & Button Interoffice Envelopes, 10 x 13"
"OFF-EN-10003072","Peel & Seel Envelopes"
"OFF-EN-10003134","Staple envelope"
"OFF-EN-10003160","Pastel Pink Envelopes"
"OFF-EN-10003296","Tyvek Side-Opening Peel & Seel Expanding Envelopes"
"OFF-EN-10003798","Recycled Interoffice Envelopes with Re-Use-A-Seal Closure, 10 x 13"
"OFF-EN-10003845","Colored Envelopes"
"OFF-EN-10003862","Laser & Ink Jet Business Envelopes"
"OFF-EN-10004030","Convenience Packs of Business Envelopes"
"OFF-EN-10004386","Recycled Interoffice Envelopes with String and Button Closure, 10 x 13"
"OFF-EN-10004459","Security-Tint Envelopes"
"OFF-EN-10004955","Fashion Color Clasp Envelopes"
"OFF-FA-10000053","Revere Boxed Rubber Bands by Revere"
"OFF-FA-10000134","Advantus Push Pins, Aluminum Head"
"OFF-FA-10000304","Advantus Push Pins"
"OFF-FA-10000490","OIC Binder Clips, Mini, 1/4"" Capacity, Black"
"OFF-FA-10000585","OIC Bulk Pack Metal Binder Clips"
"OFF-FA-10000611","Binder Clips by OIC"
"OFF-FA-10000621","OIC Colored Binder Clips, Assorted Sizes"
"OFF-FA-10000624","OIC Binder Clips"
"OFF-FA-10000735","Staples"
"OFF-FA-10000992","Acco Clips to Go Binder Clips, 24 Clips in Two Sizes"
"OFF-FA-10001135","Brites Rubber Bands, 1 1/2 oz. Box"
"OFF-FA-10001561","Stockwell Push Pins"
"OFF-FA-10001754","Stockwell Gold Paper Clips"
"OFF-FA-10001843","Staples"
"OFF-FA-10002280","Advantus Plastic Paper Clips"
"OFF-FA-10002676","Colored Push Pins"
"OFF-FA-10002780","Staples"
"OFF-FA-10002815","Staples"
"OFF-FA-10002983","Advantus SlideClip Paper Clips"
"OFF-FA-10002988","Ideal Clamps"
"OFF-FA-10003021","Staples"
"OFF-FA-10003059","Assorted Color Push Pins"
"OFF-FA-10003112","Staples"
"OFF-FA-10003467","Alliance Big Bands Rubber Bands, 12/Pack"
"OFF-FA-10003472","Bagged Rubber Bands"
"OFF-FA-10003495","Staples"
"OFF-FA-10004248","Advantus T-Pin Paper Clips"
"OFF-FA-10004838","Super Bands, 12/Pack"
"OFF-FA-10004854","Vinyl Coated Wire Paper Clips in Organizer Box, 800/Box"
"OFF-FA-10004968","Rubber Band Ball"
"OFF-LA-10000121","Avery 48"
"OFF-LA-10000134","Avery 511"
"OFF-LA-10000240","Self-Adhesive Address Labels for Typewriters by Universal"
"OFF-LA-10000262","Avery 494"
"OFF-LA-10000452","Avery 488"
"OFF-LA-10000634","Avery 509"
"OFF-LA-10000973","Avery 502"
"OFF-LA-10001045","Permanent Self-Adhesive File Folder Labels for Typewriters by Universal"
"OFF-LA-10001074","Round Specialty Laser Printer Labels"
"OFF-LA-10001158","Avery Address/Shipping Labels for Typewriters, 4"" x 2"""
"OFF-LA-10001175","Avery 514"
"OFF-LA-10001297","Avery 473"
"OFF-LA-10001317","Avery 520"
"OFF-LA-10001404","Avery 517"
"OFF-LA-10001474","Avery 477"
"OFF-LA-10001569","Avery 499"
"OFF-LA-10001613","Avery File Folder Labels"
"OFF-LA-10001641","Avery 518"
"OFF-LA-10001934","Avery 516"
"OFF-LA-10002043","Avery 489"
"OFF-LA-10002195","Avery 481"
"OFF-LA-10002271","Smead Alpha-Z Color-Coded Second Alphabetical Labels and Starter Set"
"OFF-LA-10002312","Avery 490"
"OFF-LA-10002381","Avery 497"
"OFF-LA-10002475","Avery 519"
"OFF-LA-10002762","Avery 485"
"OFF-LA-10002787","Avery 480"
"OFF-LA-10003077","Avery 500"
"OFF-LA-10003121","Avery 506"
"OFF-LA-10003148","Avery 51"
"OFF-LA-10003223","Avery 508"
"OFF-LA-10003510","Avery 4027 File Folder Labels for Dot Matrix Printers, 5000 Labels per Box, White"
"OFF-LA-10003766","Self-Adhesive Removable Labels"
"OFF-LA-10003923","Alphabetical Labels for Top Tab Filing"
"OFF-LA-10003930","Dot Matrix Printer Tape Reel Labels, White, 5000/Box"
"OFF-LA-10004055","Color-Coded Legal Exhibit Labels"
"OFF-LA-10004093","Avery 486"
"OFF-LA-10004272","Avery 482"
"OFF-LA-10004345","Avery 493"
"OFF-LA-10004425","Staple-on labels"
"OFF-LA-10004484","Avery 476"
"OFF-LA-10004544","Avery 505"
"OFF-LA-10004689","Avery 512"
"OFF-LA-10004853","Avery 483"
"OFF-PA-10000019","Xerox 1931"
"OFF-PA-10000029","Xerox 224"
"OFF-PA-10000061","Xerox 205"
"OFF-PA-10000100","Xerox 1945"
"OFF-PA-10000130","Xerox 199"
"OFF-PA-10000141","Ampad Evidence Wirebond Steno Books, 6"" x 9"""
"OFF-PA-10000157","Xerox 191"
"OFF-PA-10000167","Xerox 1925"
"OFF-PA-10000176","Xerox 1887"
"OFF-PA-10000249","Easy-staple paper"
"OFF-PA-10000289","Xerox 213"
"OFF-PA-10000304","Xerox 1995"
"OFF-PA-10000308","Xerox 1901"
"OFF-PA-10000349","Easy-staple paper"
"OFF-PA-10000350","Message Book, Standard Line ""While You Were Out"", 5 1/2"" X 4"", 200 Sets/Book"
"OFF-PA-10000357","White Dual Perf Computer Printout Paper, 2700 Sheets, 1 Part, Heavyweight, 20 lbs., 14 7/8 x 11"
"OFF-PA-10000418","Xerox 189"
"OFF-PA-10000466","Memo Book, 100 Message Capacity, 5 3/8” x 11”"
"OFF-PA-10000474","Easy-staple paper"
"OFF-PA-10000482","Snap-A-Way Black Print Carbonless Ruled Speed Letter, Triplicate"
"OFF-PA-10000501","Petty Cash Envelope"
"OFF-PA-10000575","Wirebound Message Books, Four 2 3/4 x 5 White Forms per Page"
"OFF-PA-10000587","Array Parchment Paper, Assorted Colors"
"OFF-PA-10000605","Xerox 1950"
"OFF-PA-10000659","Adams Phone Message Book, Professional, 400 Message Capacity, 5 3/6” x 11”"
"OFF-PA-10000673","Post-it “Important Message” Note Pad, Neon Colors, 50 Sheets/Pad"
"OFF-PA-10000682","Xerox 1924"
"OFF-PA-10000743","Xerox 1977"
"OFF-PA-10000788","Xerox 210"
"OFF-PA-10000806","Xerox 1934"
"OFF-PA-10000955","Southworth 25% Cotton Granite Paper & Envelopes"
"OFF-PA-10000994","Xerox 1915"
"OFF-PA-10001019","Xerox 1884"
"OFF-PA-10001125","Xerox 1988"
"OFF-PA-10001144","Xerox 1913"
"OFF-PA-10001166","Xerox 2"
"OFF-PA-10001204","Xerox 1972"
"OFF-PA-10001274","Loose Memo Sheets"
"OFF-PA-10001281","Computer Printout Paper with Letter-Trim Fine Perforations"
"OFF-PA-10001289","White Computer Printout Paper by Universal"
"OFF-PA-10001293","Xerox 1946"
"OFF-PA-10001307","Important Message Pads, 50 4-1/4 x 5-1/2 Forms per Pad"
"OFF-PA-10001357","Xerox 1886"
"OFF-PA-10001450","Rediform S.O.S. Phone Message Books"
"OFF-PA-10001457","White GlueTop Scratch Pads"
"OFF-PA-10001509","Recycled Desk Saver Line ""While You Were Out"" Book, 5 1/2"" X 4"""
"OFF-PA-10001526","Xerox 1949"
"OFF-PA-10001560","Adams Telephone Message Books, 5 1/4” x 11”"
"OFF-PA-10001569","Xerox 232"
"OFF-PA-10001622","Ampad Poly Cover Wirebound Steno Book, 6"" x 9"" Assorted Colors, Gregg Ruled"
"OFF-PA-10001639","Xerox 203"
"OFF-PA-10001667","Great White Multi-Use Recycled Paper (20Lb. and 84 Bright)"
"OFF-PA-10001685","Easy-staple paper"
"OFF-PA-10001712","Xerox 1948"
"OFF-PA-10001736","Xerox 1880"
"OFF-PA-10001745","Wirebound Message Books, 2 7/8"" x 5"", 3 Forms per Page"
"OFF-PA-10001763","Xerox 1896"
"OFF-PA-10001790","Xerox 1910"
"OFF-PA-10001800","Xerox 220"
"OFF-PA-10001804","Xerox 195"
"OFF-PA-10001838","Adams Telephone Message Book W/Dividers/Space For Phone Numbers, 5 1/4""X8 1/2"", 300/Messages"
"OFF-PA-10001870","Xerox 202"
"OFF-PA-10001892","Rediform Wirebound ""Phone Memo"" Message Book, 11 x 5-3/4"
"OFF-PA-10001934","Xerox 1993"
"OFF-PA-10001937","Xerox 21"
"OFF-PA-10001947","Xerox 1974"
"OFF-PA-10001950","Southworth 25% Cotton Antique Laid Paper & Envelopes"
"OFF-PA-10001954","Xerox 1964"
"OFF-PA-10001970","Xerox 1881"
"OFF-PA-10002005","Xerox 225"
"OFF-PA-10002036","Xerox 1930"
"OFF-PA-10002105","Xerox 223"
"OFF-PA-10002120","Xerox 1889"
"OFF-PA-10002137","Southworth 100% Résumé Paper, 24lb."
"OFF-PA-10002195","RSVP Cards & Envelopes, Blank White, 8-1/2"" X 11"", 24 Cards/25 Envelopes/Set"
"OFF-PA-10002222","Xerox Color Copier Paper, 11"" x 17"", Ream"
"OFF-PA-10002230","Xerox 1897"
"OFF-PA-10002250","Things To Do Today Pad"
"OFF-PA-10002254","Xerox 1883"
"OFF-PA-10002259","Geographics Note Cards, Blank, White, 8 1/2"" x 11"""
"OFF-PA-10002262","Xerox 192"
"OFF-PA-10002333","Universal Ultra Bright White Copier/Laser Paper, 8 1/2"" x 11"", Ream"
"OFF-PA-10002365","Xerox 1967"
"OFF-PA-10002377","Xerox 1916"
"OFF-PA-10002464","HP Office Recycled Paper (20Lb. and 87 Bright)"
"OFF-PA-10002479","Xerox 4200 Series MultiUse Premium Copy Paper (20Lb. and 84 Bright)"
"OFF-PA-10002552","Xerox 1958"
"OFF-PA-10002586","Xerox 1970"
"OFF-PA-10002615","Ampad Gold Fibre Wirebound Steno Books, 6"" x 9"", Gregg Ruled"
"OFF-PA-10002659","Avoid Verbal Orders Carbonless Minifold Book"
"OFF-PA-10002666","Southworth 25% Cotton Linen-Finish Paper & Envelopes"
"OFF-PA-10002689","Weyerhaeuser First Choice Laser/Copy Paper (20Lb. and 88 Bright)"
"OFF-PA-10002713","Adams Phone Message Book, 200 Message Capacity, 8 1/16” x 11”"
"OFF-PA-10002749","Wirebound Message Books, 5-1/2 x 4 Forms, 2 or 4 Forms per Page"
"OFF-PA-10002751","Xerox 1920"
"OFF-PA-10002870","Ampad Phone Message Book, Recycled, 400 Message Capacity, 5 ¾” x 11”"
"OFF-PA-10002893","Wirebound Service Call Books, 5 1/2"" x 4"""
"OFF-PA-10002947","Xerox 1923"
"OFF-PA-10002968","Xerox 1973"
"OFF-PA-10002986","Xerox 1898"
"OFF-PA-10003001","Xerox 1986"
"OFF-PA-10003039","Xerox 1960"
"OFF-PA-10003072","Eureka Recycled Copy Paper 8 1/2"" x 11"", Ream"
"OFF-PA-10003127","Easy-staple paper"
"OFF-PA-10003172","Xerox 1996"
"OFF-PA-10003177","Xerox 1999"
"OFF-PA-10003256","Avery Personal Creations Heavyweight Cards"
"OFF-PA-10003349","Xerox 1957"
"OFF-PA-10003395","Xerox 1941"
"OFF-PA-10003424","""While you Were Out"" Message Book, One Form per Page"
"OFF-PA-10003441","Xerox 226"
"OFF-PA-10003465","Xerox 1912"
"OFF-PA-10003543","Xerox 1985"
"OFF-PA-10003591","Southworth 100% Cotton The Best Paper"
"OFF-PA-10003625","Xerox 1979"
"OFF-PA-10003641","Xerox 1909"
"OFF-PA-10003651","Xerox 1968"
"OFF-PA-10003656","Xerox 1935"
"OFF-PA-10003657","Xerox 1927"
"OFF-PA-10003673","Strathmore Photo Mount Cards"
"OFF-PA-10003724","Wirebound Message Book, 4 per Page"
"OFF-PA-10003823","Xerox 197"
"OFF-PA-10003845","Xerox 1987"
"OFF-PA-10003892","Xerox 1943"
"OFF-PA-10003953","Xerox 218"
"OFF-PA-10004000","While You Were Out Pads, 50 per Pad, 4 x 5 1/4, Green Cycle"
"OFF-PA-10004040","Universal Premium White Copier/Laser Paper (20Lb. and 87 Bright)"
"OFF-PA-10004041","It's Hot Message Books with Stickers, 2 3/4"" x 5"""
"OFF-PA-10004071","Eaton Premium Continuous-Feed Paper, 25% Cotton, Letter Size, White, 1000 Shts/Box"
"OFF-PA-10004082","Adams Telephone Message Book w/Frequently-Called Numbers Space, 400 Messages per Book"
"OFF-PA-10004092","Tops Green Bar Computer Printout Paper"
"OFF-PA-10004100","Xerox 216"
"OFF-PA-10004101","Xerox 1894"
"OFF-PA-10004156","Xerox 188"
"OFF-PA-10004243","Xerox 1939"
"OFF-PA-10004327","Xerox 1911"
"OFF-PA-10004359","Multicolor Computer Printout Paper"
"OFF-PA-10004405","Rediform Voice Mail Log Books"
"OFF-PA-10004451","Xerox 222"
"OFF-PA-10004470","Adams Write n' Stick Phone Message Book, 11"" X 5 1/4"", 200 Messages"
"OFF-PA-10004475","Xerox 1940"
"OFF-PA-10004519","Spiral Phone Message Books with Labels by Adams"
"OFF-PA-10004530","Personal Creations Ink Jet Cards and Labels"
"OFF-PA-10004569","Wirebound Message Books, Two 4 1/4"" x 5"" Forms per Page"
"OFF-PA-10004621","Xerox 212"
"OFF-PA-10004675","Telephone Message Books with Fax/Mobile Section, 5 1/2"" x 3 3/16"""
"OFF-PA-10004734","Southworth Structures Collection"
"OFF-PA-10004735","Xerox 1905"
"OFF-PA-10004888","Xerox 217"
"OFF-PA-10004911","Rediform S.O.S. 1-Up Phone Message Bk, 4-1/4x3-1/16 Bk, 1 Form/Pg, 40 Messages/Bk, 3/Pk"
"OFF-PA-10004965","Xerox 1921"
"OFF-PA-10004971","Xerox 196"
"OFF-ST-10000025","Fellowes Stor/Drawer Steel Plus Storage Drawers"
"OFF-ST-10000036","Recycled Data-Pak for Archival Bound Computer Printouts, 12-1/2 x 12-1/2 x 16"
"OFF-ST-10000046","Fellowes Super Stor/Drawer Files"
"OFF-ST-10000060","Fellowes Bankers Box Staxonsteel Drawer File/Stacking System"
"OFF-ST-10000107","Fellowes Super Stor/Drawer"
"OFF-ST-10000142","Deluxe Rollaway Locking File with Drawer"
"OFF-ST-10000344","Neat Ideas Personal Hanging Folder Files, Black"
"OFF-ST-10000352","Acco Perma 2700 Stacking Storage Drawers"
"OFF-ST-10000419","Rogers Jumbo File, Granite"
"OFF-ST-10000563","Fellowes Bankers Box Stor/Drawer Steel Plus"
"OFF-ST-10000585","Economy Rollaway Files"
"OFF-ST-10000604","Home/Office Personal File Carts"
"OFF-ST-10000615","SimpliFile Personal File, Black Granite, 15w x 6-15/16d x 11-1/4h"
"OFF-ST-10000617","Woodgrain Magazine Files by Perma"
"OFF-ST-10000642","Tennsco Lockers, Gray"
"OFF-ST-10000649","Hanging Personal Folder File"
"OFF-ST-10000675","File Shuttle II and Handi-File, Black"
"OFF-ST-10000676","Fellowes Econo/Stor Drawers"
"OFF-ST-10000689","Fellowes Strictly Business Drawer File, Letter/Legal Size"
"OFF-ST-10000736","Carina Double Wide Media Storage Towers in Natural & Black"
"OFF-ST-10000760","Eldon Fold 'N Roll Cart System"
"OFF-ST-10000777","Companion Letter/Legal File, Black"
"OFF-ST-10000798","2300 Heavy-Duty Transfer File Systems by Perma"
"OFF-ST-10000876","Eldon Simplefile Box Office"
"OFF-ST-10000918","Crate-A-Files"
"OFF-ST-10000934","Contico 72""H Heavy-Duty Storage System"
"OFF-ST-10000991","Space Solutions HD Industrial Steel Shelving."
"OFF-ST-10001097","Office Impressions Heavy Duty Welded Shelving & Multimedia Storage Drawers"
"OFF-ST-10001228","Fellowes Personal Hanging Folder Files, Navy"
"OFF-ST-10001272","Mini 13-1/2 Capacity Data Binder Rack, Pearl"
"OFF-ST-10001291","Tenex Personal Self-Stacking Standard File Box, Black/Gray"
"OFF-ST-10001321","Decoflex Hanging Personal Folder File, Blue"
"OFF-ST-10001325","Sterilite Officeware Hinged File Box"
"OFF-ST-10001328","Personal Filing Tote with Lid, Black/Gray"
"OFF-ST-10001370","Sensible Storage WireTech Storage Systems"
"OFF-ST-10001414","Decoflex Hanging Personal Folder File"
"OFF-ST-10001418","Carina Media Storage Towers in Natural & Black"
"OFF-ST-10001469","Fellowes Bankers Box Recycled Super Stor/Drawer"
"OFF-ST-10001476","Steel Personal Filing/Posting Tote"
"OFF-ST-10001490","Hot File 7-Pocket, Floor Stand"
"OFF-ST-10001496","Standard Rollaway File with Lock"
"OFF-ST-10001511","Space Solutions Commercial Steel Shelving"
"OFF-ST-10001522","Gould Plastics 18-Pocket Panel Bin, 34w x 5-1/4d x 20-1/2h"
"OFF-ST-10001526","Iceberg Mobile Mega Data/Printer Cart "
"OFF-ST-10001558","Acco Perma 4000 Stacking Storage Drawers"
"OFF-ST-10001580","Super Decoflex Portable Personal File"
"OFF-ST-10001590","Tenex Personal Project File with Scoop Front Design, Black"
"OFF-ST-10001713","Gould Plastics 9-Pocket Panel Bin, 18-3/8w x 5-1/4d x 20-1/2h, Black"
"OFF-ST-10001780","Tennsco 16-Compartment Lockers with Coat Rack"
"OFF-ST-10001809","Fellowes Officeware Wire Shelving"
"OFF-ST-10001963","Tennsco Regal Shelving Units"
"OFF-ST-10002011","Smead Adjustable Mobile File Trolley with Lockable Top"
"OFF-ST-10002205","File Shuttle I and Handi-File"
"OFF-ST-10002214","X-Rack File for Hanging Folders"
"OFF-ST-10002276","Safco Steel Mobile File Cart"
"OFF-ST-10002289","Safco Wire Cube Shelving System, For Use as 4 or 5 14"" Cubes, Black"
"OFF-ST-10002292","Sauder Facets Collection Locker/File Cabinet, Sky Alder Finish"
"OFF-ST-10002344","Carina 42""Hx23 3/4""W Media Storage Unit"
"OFF-ST-10002352","Iris Project Case"
"OFF-ST-10002370","Sortfiler Multipurpose Personal File Organizer, Black"
"OFF-ST-10002406","Pizazz Global Quick File"
"OFF-ST-10002444","Recycled Eldon Regeneration Jumbo File"
"OFF-ST-10002485","Rogers Deluxe File Chest"
"OFF-ST-10002486","Eldon Shelf Savers Cubes and Bins"
"OFF-ST-10002574","SAFCO Commercial Wire Shelving, Black"
"OFF-ST-10002583","Fellowes Neat Ideas Storage Cubes"
"OFF-ST-10002743","SAFCO Boltless Steel Shelving"
"OFF-ST-10002756","Tennsco Stur-D-Stor Boltless Shelving, 5 Shelves, 24"" Deep, Sand"
"OFF-ST-10002790","Safco Industrial Shelving"
"OFF-ST-10002974","Trav-L-File Heavy-Duty Shuttle II, Black"
"OFF-ST-10003058","Eldon Mobile Mega Data Cart  Mega Stackable  Add-On Trays"
"OFF-ST-10003208","Adjustable Depth Letter/Legal Cart"
"OFF-ST-10003221","Staple magnet"
"OFF-ST-10003282","Advantus 10-Drawer Portable Organizer, Chrome Metal Frame, Smoke Drawers"
"OFF-ST-10003306","Letter Size Cart"
"OFF-ST-10003324","Belkin OmniView SE Rackmount Kit"
"OFF-ST-10003327","Akro-Mils 12-Gallon Tote"
"OFF-ST-10003442","Eldon Portable Mobile Manager"
"OFF-ST-10003455","Tenex File Box, Personal Filing Tote with Lid, Black"
"OFF-ST-10003479","Eldon Base for stackable storage shelf, platinum"
"OFF-ST-10003656","Safco Industrial Wire Shelving"
"OFF-ST-10003716","Tennsco Double-Tier Lockers"
"OFF-ST-10003722","Project Tote Personal File"
"OFF-ST-10003816","Fellowes High-Stak Drawer Files"
"OFF-ST-10004123","Safco Industrial Wire Shelving System"
"OFF-ST-10004180","Safco Commercial Shelving"
"OFF-ST-10004186","Stur-D-Stor Shelving, Vertical 5-Shelf: 72""H x 36""W x 18 1/2""D"
"OFF-ST-10004258","Portable Personal File Box"
"OFF-ST-10004337","SAFCO Commercial Wire Shelving, 72h"
"OFF-ST-10004340","Fellowes Mobile File Cart, Black"
"OFF-ST-10004459","Tennsco Single-Tier Lockers"
"OFF-ST-10004507","Advantus Rolling Storage Box"
"OFF-ST-10004634","Personal Folder Holder, Ebony"
"OFF-ST-10004804","Belkin 19"" Vented Equipment Shelf, Black"
"OFF-ST-10004950","Acco Perma 3000 Stacking Storage Drawers"
"OFF-ST-10004963","Eldon Gobal File Keepers"
"OFF-SU-10000381","Acme Forged Steel Scissors with Black Enamel Handles"
"OFF-SU-10000646","Premier Automatic Letter Opener"
"OFF-SU-10001165","Acme Elite Stainless Steel Scissors"
"OFF-SU-10001218","Fiskars Softgrip Scissors"
"OFF-SU-10001225","Staple remover"
"OFF-SU-10001574","Acme Value Line Scissors"
"OFF-SU-10001935","Staple remover"
"OFF-SU-10002189","Acme Rosewood Handle Letter Opener"
"OFF-SU-10002503","Acme Preferred Stainless Steel Scissors"
"OFF-SU-10002537","Acme Box Cutter Scissors"
"OFF-SU-10002573","Acme 10"" Easy Grip Assistive Scissors"
"OFF-SU-10002881","Martin Yale Chadless Opener Electric Letter Opener"
"OFF-SU-10003505","Premier Electric Letter Opener"
"OFF-SU-10004115","Acme Stainless Steel Office Snips"
"OFF-SU-10004231","Acme Tagit Stainless Steel Antibacterial Scissors"
"OFF-SU-10004261","Fiskars 8"" Scissors, 2/Pack"
"OFF-SU-10004498","Martin-Yale Premier Letter Opener"
"OFF-SU-10004664","Acme Softgrip Scissors"
"TEC-AC-10000023","Maxell 74 Minute CD-R Spindle, 50/Pack"
"TEC-AC-10000057","Microsoft Natural Ergonomic Keyboard 4000"
"TEC-AC-10000109","Sony Micro Vault Click 16 GB USB 2.0 Flash Drive"
"TEC-AC-10000158","Sony 64GB Class 10 Micro SDHC R40 Memory Card"
"TEC-AC-10000171","Verbatim 25 GB 6x Blu-ray Single Layer Recordable Disc, 25/Pack"
"TEC-AC-10000290","Sabrent 4-Port USB 2.0 Hub"
"TEC-AC-10000303","Logitech M510 Wireless Mouse"
"TEC-AC-10000580","Logitech G13 Programmable Gameboard with LCD Display"
"TEC-AC-10000710","Maxell DVD-RAM Discs"
"TEC-AC-10000736","Logitech G600 MMO Gaming Mouse"
"TEC-AC-10000844","Logitech Gaming G510s - Keyboard"
"TEC-AC-10000865","WD My Passport Ultra 500GB Portable External Hard Drive"
"TEC-AC-10000892","NETGEAR N750 Dual Band Wi-Fi Gigabit Router"
"TEC-AC-10000927","Anker Ultrathin Bluetooth Wireless Keyboard Aluminum Cover with Stand "
"TEC-AC-10000991","Sony Micro Vault Click 8 GB USB 2.0 Flash Drive"
"TEC-AC-10001013","Logitech ClearChat Comfort/USB Headset H390"
"TEC-AC-10001101","Sony 16GB Class 10 Micro SDHC R40 Memory Card"
"TEC-AC-10001109","Logitech Trackman Marble Mouse"
"TEC-AC-10001142","First Data FD10 PIN Pad"
"TEC-AC-10001266","Memorex Micro Travel Drive 8 GB"
"TEC-AC-10001267","Imation 32GB Pocket Pro USB 3.0 Flash Drive - 32 GB - Black - 1 P ..."
"TEC-AC-10001314","Case Logic 2.4GHz Wireless Keyboard"
"TEC-AC-10001383","Logitech Wireless Touch Keyboard K400"
"TEC-AC-10001432","Enermax Aurora Lite Keyboard"
"TEC-AC-10001445","Imation USB 2.0 Swivel Flash Drive USB flash drive - 4 GB - Pink"
"TEC-AC-10001465","SanDisk Cruzer 64 GB USB Flash Drive"
"TEC-AC-10001552","Logitech K350 2.4Ghz Wireless Keyboard"
"TEC-AC-10001606","Logitech Wireless Performance Mouse MX for PC and Mac"
"TEC-AC-10001714","Logitech MX Performance Wireless Mouse"
"TEC-AC-10001767","SanDisk Ultra 64 GB MicroSDHC Class 10 Memory Card"
"TEC-AC-10001772","Memorex Mini Travel Drive 16 GB USB 2.0 Flash Drive"
"TEC-AC-10001838","Razer Tiamat Over Ear 7.1 Surround Sound PC Gaming Headset"
"TEC-AC-10001908","Logitech Wireless Headset h800"
"TEC-AC-10001956","Microsoft Arc Touch Mouse"
"TEC-AC-10001990","Kensington Orbit Wireless Mobile Trackball for PC and Mac"
"TEC-AC-10001998","Logitech LS21 Speaker System - PC Multimedia - 2.1-CH - Wired"
"TEC-AC-10002001","Logitech Wireless Gaming Headset G930"
"TEC-AC-10002006","Memorex Micro Travel Drive 16 GB"
"TEC-AC-10002049","Logitech G19 Programmable Gaming Keyboard"
"TEC-AC-10002076","Microsoft Natural Keyboard Elite"
"TEC-AC-10002167","Imation 8gb Micro Traveldrive Usb 2.0 Flash Drive"
"TEC-AC-10002253","Imation Bio 8GB USB Flash Drive Imation Corp"
"TEC-AC-10002323","SanDisk Ultra 32 GB MicroSDHC Class 10 Memory Card"
"TEC-AC-10002335","Logitech Media Keyboard K200"
"TEC-AC-10002345","HP Standard 104 key PS/2 Keyboard"
"TEC-AC-10002399","SanDisk Cruzer 32 GB USB Flash Drive"
"TEC-AC-10002402","Razer Kraken PRO Over Ear PC and Music Headset"
"TEC-AC-10002473","Maxell 4.7GB DVD-R"
"TEC-AC-10002567","Logitech G602 Wireless Gaming Mouse"
"TEC-AC-10002600","Belkin QODE FastFit Bluetooth Keyboard"
"TEC-AC-10002857","Verbatim 25 GB 6x Blu-ray Single Layer Recordable Disc, 1/Pack"
"TEC-AC-10003023","Logitech G105 Gaming Keyboard"
"TEC-AC-10003027","Imation 8GB Mini TravelDrive USB 2.0 Flash Drive"
"TEC-AC-10003033","Plantronics CS510 - Over-the-Head monaural Wireless Headset System"
"TEC-AC-10003038","Kingston Digital DataTraveler 16GB USB 2.0"
"TEC-AC-10003063","Micro Innovations USB RF Wireless Keyboard with Mouse"
"TEC-AC-10003116","Memorex Froggy Flash Drive 8 GB"
"TEC-AC-10003133","Memorex Mini Travel Drive 4 GB USB 2.0 Flash Drive"
"TEC-AC-10003174","Plantronics S12 Corded Telephone Headset System"
"TEC-AC-10003198","Enermax Acrylux Wireless Keyboard"
"TEC-AC-10003280","Belkin F8E887 USB Wired Ergonomic Keyboard"
"TEC-AC-10003441","Kingston Digital DataTraveler 32GB USB 2.0"
"TEC-AC-10003447","Micropad Numeric Keypads"
"TEC-AC-10003499","Memorex Mini Travel Drive 8 GB USB 2.0 Flash Drive"
"TEC-AC-10003610","Logitech Illuminated - Keyboard"
"TEC-AC-10003614","Verbatim 25 GB 6x Blu-ray Single Layer Recordable Disc, 10/Pack"
"TEC-AC-10003628","Logitech 910-002974 M325 Wireless Mouse for Web Scrolling"
"TEC-AC-10003657","Lenovo 17-Key USB Numeric Keypad"
"TEC-AC-10003832","Logitech P710e Mobile Speakerphone"
"TEC-AC-10003911","NETGEAR AC1750 Dual Band Gigabit Smart WiFi Router"
"TEC-AC-10004114","KeyTronic 6101 Series - Keyboard - Black"
"TEC-AC-10004209","Memorex Froggy Flash Drive 4 GB"
"TEC-AC-10004353","Hypercom P1300 Pinpad"
"TEC-AC-10004469","Microsoft Sculpt Comfort Mouse"
"TEC-AC-10004510","Logitech Desktop MK120 Mouse and keyboard Combo"
"TEC-AC-10004571","Logitech G700s Rechargeable Gaming Mouse"
"TEC-AC-10004633","Verbatim 25 GB 6x Blu-ray Single Layer Recordable Disc, 3/Pack"
"TEC-AC-10004659","Imation Secure+ Hardware Encrypted USB 2.0 Flash Drive; 16GB"
"TEC-AC-10004666","Maxell iVDR EX 500GB Cartridge"
"TEC-AC-10004708","Sony 32GB Class 10 Micro SDHC R40 Memory Card"
"TEC-AC-10004761","Maxell 4.7GB DVD+RW 3/Pack"
"TEC-AC-10004855","V7 USB Numeric Keypad"
"TEC-AC-10004901","Kensington SlimBlade Notebook Wireless Mouse with Nano Receiver "
"TEC-AC-10004975","Plantronics Audio 995 Wireless Stereo Headset"
"TEC-CO-10001046","Canon Imageclass D680 Copier / Fax"
"TEC-CO-10001449","Hewlett Packard LaserJet 3310 Copier"
"TEC-CO-10001766","Canon PC940 Copier"
"TEC-CO-10002095","Hewlett Packard 610 Color Digital Copier / Printer"
"TEC-CO-10002313","Canon PC1080F Personal Copier"
"TEC-CO-10003236","Canon Image Class D660 Copier"
"TEC-CO-10004115","Sharp AL-1530CS Digital Copier"
"TEC-CO-10004202","Brother DCP1000 Digital 3 in 1 Multifunction Machine"
"TEC-MA-10000010","Hewlett-Packard Deskjet 3050a All-in-One Color Inkjet Printer"
"TEC-MA-10000029","Epson WorkForce WF-2530 All-in-One Printer, Copier Scanner"
"TEC-MA-10000822","Lexmark MX611dhe Monochrome Laser Printer"
"TEC-MA-10000864","Cisco 9971 IP Video Phone Charcoal"
"TEC-MA-10001148","Swingline SM12-08 MicroCut Jam Free Shredder"
"TEC-MA-10001681","Lexmark MarkNet N8150 Wireless Print Server"
"TEC-MA-10002178","Cisco CP-7937G Unified IP Conference Station Phone"
"TEC-MA-10002927","Canon imageCLASS MF7460 Monochrome Digital Laser Multifunction Copier"
"TEC-MA-10002937","Canon Color ImageCLASS MF8580Cdw Wireless Laser All-In-One Printer, Copier, Scanner"
"TEC-MA-10003066","Wasp CCD Handheld Bar Code Reader"
"TEC-MA-10003183","DYMO CardScan Personal V9 Business Card Scanner"
"TEC-MA-10003353","Xerox WorkCentre 6505DN Laser Multifunction Printer"
"TEC-MA-10003979","Ativa V4110MDD Micro-Cut Shredder"
"TEC-MA-10004002","Zebra GX420t Direct Thermal/Thermal Transfer Printer"
"TEC-MA-10004125","Cubify CubeX 3D Printer Triple Head Print"
"TEC-MA-10004212","Cisco SPA525G2 5-Line IP Phone"
"TEC-MA-10004241","Star Micronics TSP800 TSP847IIU Receipt Printer"
"TEC-MA-10004458","Lexmark X 9575 Professional All-in-One Color Printer"
"TEC-MA-10004679","StarTech.com 10/100 VDSL2 Ethernet Extender Kit"
"TEC-PH-10000004","Belkin iPhone and iPad Lightning Cable"
"TEC-PH-10000011","PureGear Roll-On Screen Protector"
"TEC-PH-10000038","Jawbone MINI JAMBOX Wireless Bluetooth Speaker"
"TEC-PH-10000148","Cyber Acoustics AC-202b Speech Recognition Stereo Headset"
"TEC-PH-10000149","Cisco SPA525G2 IP Phone - Wireless"
"TEC-PH-10000169","ARKON Windshield Dashboard Air Vent Car Mount Holder"
"TEC-PH-10000215","Plantronics Cordless Phone Headset with In-line Volume - M214C"
"TEC-PH-10000307","Shocksock Galaxy S4 Armband"
"TEC-PH-10000347","Cush Cases Heavy Duty Rugged Cover Case for Samsung Galaxy S5 - Purple"
"TEC-PH-10000376","Square Credit Card Reader"
"TEC-PH-10000439","GE DSL Phone Line Filter"
"TEC-PH-10000441","VTech DS6151"
"TEC-PH-10000486","Plantronics HL10 Handset Lifter"
"TEC-PH-10000560","Samsung Galaxy S III - 16GB - pebble blue (T-Mobile)"
"TEC-PH-10000576","AT&T 1080 Corded phone"
"TEC-PH-10000586","AT&T SB67148 SynJ"
"TEC-PH-10000702","Square Credit Card Reader, 4 1/2"" x 4 1/2"" x 1"", White"
"TEC-PH-10000984","Panasonic KX-TG9471B"
"TEC-PH-10001061","Apple iPhone 5C"
"TEC-PH-10001254","Jabra BIZ 2300 Duo QD Duo Corded Headset"
"TEC-PH-10001300","iKross Bluetooth Portable Keyboard + Cell Phone Stand Holder + Brush for Apple iPhone 5S 5C 5, 4S 4"
"TEC-PH-10001336","Digium D40 VoIP phone"
"TEC-PH-10001363","Apple iPhone 5S"
"TEC-PH-10001425","Mophie Juice Pack Helium for iPhone"
"TEC-PH-10001433","Cisco Small Business SPA 502G VoIP phone"
"TEC-PH-10001448","Anker Astro 15000mAh USB Portable Charger"
"TEC-PH-10001494","Polycom CX600 IP Phone VoIP phone"
"TEC-PH-10001530","Cisco Unified IP Phone 7945G VoIP phone"
"TEC-PH-10001552","I Need's 3d Hello Kitty Hybrid Silicone Case Cover for HTC One X 4g with 3d Hello Kitty Stylus Pen Green/pink"
"TEC-PH-10001557","Pyle PMP37LED"
"TEC-PH-10001580","Logitech Mobile Speakerphone P710e - speaker phone"
"TEC-PH-10001700","Panasonic KX-TG6844B Expandable Digital Cordless Telephone"
"TEC-PH-10001750","Samsung Rugby III"
"TEC-PH-10001760","Bose SoundLink Bluetooth Speaker"
"TEC-PH-10001795","ClearOne CHATAttach 160 - speaker phone"
"TEC-PH-10001819","Innergie mMini Combo Duo USB Travel Charging Kit"
"TEC-PH-10001918","Nortel Business Series Terminal T7208 Digital phone"
"TEC-PH-10001924","iHome FM Clock Radio with Lightning Dock"
"TEC-PH-10001949","Cisco SPA 501G IP Phone"
"TEC-PH-10002033","Konftel 250 Conference phone - Charcoal black"
"TEC-PH-10002085","Clarity 53712"
"TEC-PH-10002103","Jabra SPEAK 410"
"TEC-PH-10002115","Plantronics 81402"
"TEC-PH-10002170","ClearSounds CSC500 Amplified Spirit Phone Corded phone"
"TEC-PH-10002185","QVS USB Car Charger 2-Port 2.1Amp for iPod/iPhone/iPad/iPad 2/iPad 3"
"TEC-PH-10002200","Samsung Galaxy Note 2"
"TEC-PH-10002262","LG Electronics Tone+ HBS-730 Bluetooth Headset"
"TEC-PH-10002275","Mitel 5320 IP Phone VoIP phone"
"TEC-PH-10002293","Anker 36W 4-Port USB Wall Charger Travel Power Adapter for iPhone 5s 5c 5"
"TEC-PH-10002310","Panasonic KX T7731-B Digital phone"
"TEC-PH-10002365","Belkin Grip Candy Sheer Case / Cover for iPhone 5 and 5S"
"TEC-PH-10002398","AT&T 1070 Corded Phone"
"TEC-PH-10002447","AT&T CL83451 4-Handset Telephone"
"TEC-PH-10002496","Cisco SPA301"
"TEC-PH-10002538","Grandstream GXP1160 VoIP phone"
"TEC-PH-10002549","Polycom SoundPoint IP 450 VoIP phone"
"TEC-PH-10002563","Adtran 1202752G1"
"TEC-PH-10002564","OtterBox Defender Series Case - Samsung Galaxy S4"
"TEC-PH-10002597","Xblue XB-1670-86 X16 Small Office Telephone - Titanium"
"TEC-PH-10002660","Nortel Networks T7316 E Nt8 B27"
"TEC-PH-10002680","Samsung Galaxy Note 3"
"TEC-PH-10002726","netTALK DUO VoIP Telephone Service"
"TEC-PH-10002844","Speck Products Candyshell Flip Case"
"TEC-PH-10002922","ShoreTel ShorePhone IP 230 VoIP phone"
"TEC-PH-10002923","Logitech B530 USB Headset - headset - Full size, Binaural"
"TEC-PH-10003012","Nortel Meridian M3904 Professional Digital phone"
"TEC-PH-10003092","Motorola L804"
"TEC-PH-10003273","AT&T TR1909W"
"TEC-PH-10003357","Grandstream GXP2100 Mainstream Business Phone"
"TEC-PH-10003437","Blue Parrot B250XT Professional Grade Wireless Bluetooth Headset with"
"TEC-PH-10003442","Samsung Replacement EH64AVFWE Premium Headset"
"TEC-PH-10003505","Geemarc AmpliPOWER60"
"TEC-PH-10003555","Motorola HK250 Universal Bluetooth Headset"
"TEC-PH-10003580","Cisco IP Phone 7961G-GE VoIP phone"
"TEC-PH-10003589","invisibleSHIELD by ZAGG Smudge-Free Screen Protector"
"TEC-PH-10003645","Aastra 57i VoIP phone"
"TEC-PH-10003655","Sannysis Cute Owl Design Soft Skin Case Cover for Samsung Galaxy S4"
"TEC-PH-10003800","i.Sound Portable Power - 8000 mAh"
"TEC-PH-10003875","KLD Oscar II Style Snap-on Ultra Thin Side Flip Synthetic Leather Cover Case for HTC One HTC M7"
"TEC-PH-10003885","Cisco SPA508G"
"TEC-PH-10003931","JBL Micro Wireless Portable Bluetooth Speaker"
"TEC-PH-10003963","GE 2-Jack Phone Line Splitter"
"TEC-PH-10003988","LF Elite 3D Dazzle Designer Hard Case Cover, Lf Stylus Pen and Wiper For Apple Iphone 5c Mini Lite"
"TEC-PH-10004042","ClearOne Communications CHAT 70 OC Speaker Phone"
"TEC-PH-10004093","Panasonic Kx-TS550"
"TEC-PH-10004165","Mitel MiVoice 5330e IP Phone"
"TEC-PH-10004188","OtterBox Commuter Series Case - Samsung Galaxy S4"
"TEC-PH-10004348","OtterBox Defender Series Case - iPhone 5c"
"TEC-PH-10004447","Toshiba IPT2010-SD IP Telephone"
"TEC-PH-10004531","OtterBox Commuter Series Case - iPhone 5 & 5s"
"TEC-PH-10004536","Avaya 5420 Digital phone"
"TEC-PH-10004539","Wireless Extenders zBoost YX545 SOHO Signal Booster"
"TEC-PH-10004586","Wilson SignalBoost 841262 DB PRO Amplifier Kit"
"TEC-PH-10004614","AT&T 841000 Phone"
"TEC-PH-10004667","Cisco 8x8 Inc. 6753i IP Business Phone System"
"TEC-PH-10004700","PowerGen Dual USB Car Charger"
"TEC-PH-10004774","Gear Head AU3700S Headset"
"TEC-PH-10004830","Pyle PRT45 Retro Home Telephone"
"TEC-PH-10004896","Nokia Lumia 521 (T-Mobile)"
"TEC-PH-10004922","RCA Visys Integrated PBX 8-Line Router"
"TEC-PH-10004977","GE 30524EE4"
